{"cameraMode":{"drawMode":0,"name":"Shaded","section":"Shading Mode"},"sceneLighting":true,"audioPlay":false,"sceneViewState":{"showFog":false,"showMaterialUpdate":false,"showSkybox":false,"showFlares":false,"showImageEffects":false,"showParticleSystems":true},"in2DMode":false,"pivot":{"x":1.5837360620498658,"y":-0.46729210019111636,"z":0.4850468933582306},"rotation":{"x":0.2790941894054413,"y":0.017283566296100618,"z":-0.005024640820920467,"w":0.9600951075553894},"size":18.62999725341797,"orthographic":true}